<?xml version="1.0" encoding="UTF-8"?>
<project-private xmlns="http://www.netbeans.org/ns/project-private/1">
    <editor-bookmarks xmlns="http://www.netbeans.org/ns/editor-bookmarks/2" lastBookmarkId="0"/>
    <open-files xmlns="http://www.netbeans.org/ns/projectui-open-files/2">
        <group>
            <file>file:/Applications/XAMPP/htdocs/HBC_admin/styleHBC.css</file>
            <file>file:/Applications/XAMPP/htdocs/HBC_admin/SignUp_admin.php</file>
            <file>file:/Applications/XAMPP/htdocs/HBC_admin/Bootstrap/css/bootstrap.css</file>
            <file>file:/Applications/XAMPP/htdocs/HBC_admin/index.php</file>
            <file>file:/Applications/XAMPP/htdocs/HBC_admin/bankLogin.php</file>
        </group>
    </open-files>
</project-private>
